 id,pole_id,load1_time1_set,load1_time2_set,load1_outmode,load2_time1_set,load2_time2_set,load2_outmode,scale_mode,param_setup_volta,work_v_setup,menu_password_1,menu_password_2,menu_password_3,max_bat_limit,over_v_comeback,low_v_comeback,low_v_limit,mppt_close_v,mppt_start_v,longitude,latitude,createdAt,updatedAt
8,9,8.785458819,NIGHT,1.107500399,9.243846798,NIGHT,pv_v,0,12,12,0,0,0,10,10.5495341,8.712631646,5.625158149,6,5,53.8765813,97.05696923,2020-11-11 01:01:01,2020-11-11 01:01:01
9,9,1.835869472,DAY,1.457239733,4.690003446,DAY,pv_v,0,10,11,0,0,0,11,7.681026802,4.416508326,1.110290088,7,7,54.88571885,69.08523928,2020-11-11 01:01:01,2020-11-11 01:01:01
10,8,2.976098782,NIGHT,4.532845275,9.933823934,NIGHT,pv_v,0,10,11,0,0,0,11,7.062841266,0.118342631,4.889044984,11,5,52.08736511,0.759384558,2020-11-11 01:01:01,2020-11-11 01:01:01
11,1,0.669696746,DAY,9.207174201,3.984400814,DAY,pv_v,0,10,12,0,0,0,10,10.4877854,8.043262502,3.353082083,9,4,97.98083661,23.71210272,2020-11-11 01:01:01,2020-11-11 01:01:01
12,6,0.158959725,NIGHT,6.422568744,0.624906273,NIGHT,pv_v,0,11,12,0,0,0,11,12.38796546,1.452801851,8.275488262,3,11,7.98861202,78.33748745,2020-11-11 01:01:01,2020-11-11 01:01:01
13,1,4.311306479,DAY,2.14047001,3.176597297,DAY,pv_v,0,12,10,0,0,0,11,10.20905178,3.667175379,6.16976104,9,2,53.87421176,61.10857461,2020-11-11 01:01:01,2020-11-11 01:01:01
14,7,5.130203043,NIGHT,1.952055457,5.327749895,NIGHT,pv_v,0,12,12,0,0,0,11,12.60106813,1.05373918,6.486896552,9,8,30.44591908,59.51756358,2020-11-11 01:01:01,2020-11-11 01:01:01
15,1,7.459652248,DAY,9.308743044,9.638951241,DAY,pv_v,0,12,11,0,0,0,11,11.38797006,9.54941673,8.487767721,8,7,56.32591064,28.56156708,2020-11-11 01:01:01,2020-11-11 01:01:01
16,4,8.969489098,NIGHT,7.751143179,6.054887346,NIGHT,pv_v,0,11,10,0,0,0,10,10.76163213,1.699978622,0.206319781,11,3,43.81837419,20.7964669,2020-11-11 01:01:01,2020-11-11 01:01:01
17,5,1.594309879,DAY,1.96758609,5.434022983,DAY,pv_v,0,10,10,0,0,0,10,8.4095046,0.561670582,6.098672693,10,4,28.26992049,74.75549601,2020-11-11 01:01:01,2020-11-11 01:01:01
18,5,7.667796683,NIGHT,0.418258271,6.413648931,NIGHT,pv_v,0,10,11,0,0,0,12,11.77178507,7.860477234,9.491475604,7,7,23.21706296,95.29501308,2020-11-11 01:01:01,2020-11-11 01:01:01
19,10,8.905586029,DAY,6.571041045,8.123105264,DAY,pv_v,0,10,10,0,0,0,12,5.22573838,8.635202434,5.665055529,4,5,66.81785931,0.111880472,2020-11-11 01:01:01,2020-11-11 01:01:01
20,4,0.889640788,NIGHT,2.252076692,6.862992168,NIGHT,pv_v,0,10,10,0,0,0,10,9.152746915,6.231498339,5.069615867,5,2,22.5026344,55.33928697,2020-11-11 01:01:01,2020-11-11 01:01:01
21,4,7.273298354,DAY,9.952919159,7.506511697,DAY,pv_v,0,11,12,0,0,0,12,11.22752686,3.389778315,0.676082163,7,9,73.00503208,18.64388256,2020-11-11 01:01:01,2020-11-11 01:01:01
22,3,1.671797109,NIGHT,8.301962675,6.907951496,NIGHT,pv_v,0,10,11,0,0,0,12,8.188504794,4.511573441,2.752129489,4,11,90.40608783,80.22088609,2020-11-11 01:01:01,2020-11-11 01:01:01
23,7,6.459400696,DAY,2.093514885,0.900337025,DAY,pv_v,0,10,12,0,0,0,10,6.76901396,0.537100853,0.657360594,9,7,77.6880797,34.14676484,2020-11-11 01:01:01,2020-11-11 01:01:01
24,0,6.735742843,NIGHT,3.127118861,6.765500867,NIGHT,pv_v,0,10,10,0,0,0,10,6.459858028,6.595516856,6.973252849,8,8,26.05633054,47.95230896,2020-11-11 01:01:01,2020-11-11 01:01:01
25,0,5.339264692,DAY,4.077690654,7.721346714,DAY,pv_v,0,11,11,0,0,0,10,7.39755774,6.449212565,1.946973075,8,2,97.63530811,75.76442108,2020-11-11 01:01:01,2020-11-11 01:01:01
26,9,4.988714412,NIGHT,7.688525007,9.460410529,NIGHT,pv_v,0,10,10,0,0,0,10,5.351538482,7.333509375,1.645620511,4,10,47.31469987,54.11149257,2020-11-11 01:01:01,2020-11-11 01:01:01
27,2,1.957733454,DAY,9.583713127,2.213941096,DAY,pv_v,0,12,12,0,0,0,12,8.56484423,0.667292169,3.613479549,2,9,72.73418614,38.30175235,2020-11-11 01:01:01,2020-11-11 01:01:01
28,1,5.233975265,NIGHT,3.674848065,6.25097554,NIGHT,pv_v,0,11,10,0,0,0,12,14.12140553,3.456951269,0.418788872,7,4,41.73327595,63.16287682,2020-11-11 01:01:01,2020-11-11 01:01:01
29,9,8.555332518,DAY,3.148635684,1.587644351,DAY,pv_v,0,11,11,0,0,0,10,8.823123147,2.574586345,6.526203043,4,2,72.05968045,9.05604816,2020-11-11 01:01:01,2020-11-11 01:01:01
30,4,0.867851678,NIGHT,2.159359769,0.922942581,NIGHT,pv_v,0,12,11,0,0,0,10,6.104903358,3.176474408,9.162744717,3,8,92.50529062,63.08163257,2020-11-11 01:01:01,2020-11-11 01:01:01
31,4,3.264572164,DAY,5.115387527,0.125111734,DAY,pv_v,0,12,11,0,0,0,10,5.27680205,6.237366215,9.392744576,6,6,82.17398581,79.83230825,2020-11-11 01:01:01,2020-11-11 01:01:01
32,5,0.846802855,NIGHT,5.285407341,3.29192736,NIGHT,pv_v,0,11,11,0,0,0,10,12.86601928,0.912418887,2.24698549,8,10,49.37996392,36.29008928,2020-11-11 01:01:01,2020-11-11 01:01:01
33,6,7.279644342,DAY,6.095609839,6.223574771,DAY,pv_v,0,10,12,0,0,0,11,5.091586487,7.987494782,2.572578228,7,9,57.22240042,56.88150747,2020-11-11 01:01:01,2020-11-11 01:01:01
34,9,0.405500748,NIGHT,6.247699683,4.46827802,NIGHT,pv_v,0,12,12,0,0,0,11,9.69855249,8.835874033,7.817539706,11,5,41.68915631,34.37156331,2020-11-11 01:01:01,2020-11-11 01:01:01
35,2,5.513595351,DAY,6.075285039,7.81798063,DAY,pv_v,0,11,12,0,0,0,10,8.659029943,1.385147108,6.299771294,3,7,93.07464802,25.18168749,2020-11-11 01:01:01,2020-11-11 01:01:01
36,5,3.26665066,NIGHT,6.719543157,9.095919834,NIGHT,pv_v,0,11,10,0,0,0,11,10.17038738,9.660026292,5.730064278,2,5,63.10160737,87.96761612,2020-11-11 01:01:01,2020-11-11 01:01:01
37,5,5.22988763,DAY,3.539018848,8.470249784,DAY,pv_v,0,10,11,0,0,0,11,12.43481091,8.846919946,7.30245855,4,6,88.46775589,35.04692192,2020-11-11 01:01:01,2020-11-11 01:01:01
38,8,9.625983707,NIGHT,4.934890229,5.268901658,NIGHT,pv_v,0,12,10,0,0,0,11,7.014527611,7.659233238,7.887910196,3,6,22.58280873,30.66214948,2020-11-11 01:01:01,2020-11-11 01:01:01
39,4,6.101014038,DAY,4.447073936,0.976190577,DAY,pv_v,0,12,10,0,0,0,10,14.33374324,5.098340245,3.636544446,4,9,78.12042331,86.24935027,2020-11-11 01:01:01,2020-11-11 01:01:01
40,0,4.509452076,NIGHT,5.777970315,0.930179251,NIGHT,pv_v,0,12,12,0,0,0,10,9.828524424,1.564339291,5.037766867,8,7,44.42702962,44.28145701,2020-11-11 01:01:01,2020-11-11 01:01:01
41,1,6.46680241,DAY,3.287542903,8.257966338,DAY,pv_v,0,12,12,0,0,0,10,8.084272483,6.300624564,6.193295521,2,4,41.88105197,76.87464279,2020-11-11 01:01:01,2020-11-11 01:01:01
42,8,9.370794935,NIGHT,0.750118352,3.989393423,NIGHT,pv_v,0,11,10,0,0,0,11,8.815638073,3.928015502,9.717236531,6,3,25.40188438,76.54679802,2020-11-11 01:01:01,2020-11-11 01:01:01
43,8,0.349133893,DAY,8.152188029,4.85097692,DAY,pv_v,0,12,10,0,0,0,10,13.53239394,8.504432557,5.870772606,2,6,91.86876989,54.59157791,2020-11-11 01:01:01,2020-11-11 01:01:01
44,9,4.482942684,NIGHT,7.426780204,5.771720874,NIGHT,pv_v,0,10,12,0,0,0,12,12.32913786,8.219954034,8.421017277,8,5,28.60778901,76.41048814,2020-11-11 01:01:01,2020-11-11 01:01:01
45,2,4.016357291,DAY,1.01735774,8.497749683,DAY,pv_v,0,11,11,0,0,0,11,11.83215107,5.408972853,7.941862077,6,10,30.58388743,32.36018743,2020-11-11 01:01:01,2020-11-11 01:01:01
46,9,5.283368437,NIGHT,0.598203085,7.913439981,NIGHT,pv_v,0,11,10,0,0,0,11,12.85700368,0.797260613,0.990004323,2,2,59.80606546,9.038879708,2020-11-11 01:01:01,2020-11-11 01:01:01
47,4,9.50101058,DAY,1.739425499,8.271307708,DAY,pv_v,0,10,12,0,0,0,11,10.45659591,7.155127154,8.087928435,10,6,65.81312721,1.347029748,2020-11-11 01:01:01,2020-11-11 01:01:01
48,2,3.081645478,NIGHT,0.332033542,5.849686441,NIGHT,pv_v,0,11,11,0,0,0,12,6.941057007,7.742197223,0.24957682,2,10,73.86262508,66.49869985,2020-11-11 01:01:01,2020-11-11 01:01:01
49,1,3.230612281,DAY,8.688347704,9.006670675,DAY,pv_v,0,12,11,0,0,0,12,7.283833247,1.138859714,9.538442065,3,5,58.44972402,49.73090619,2020-11-11 01:01:01,2020-11-11 01:01:01
50,5,1.005442462,NIGHT,7.758741317,3.874036672,NIGHT,pv_v,0,12,12,0,0,0,10,5.843010465,7.78358444,6.166484528,4,8,56.20322895,87.83850935,2020-11-11 01:01:01,2020-11-11 01:01:01
51,4,1.648452948,DAY,9.791837737,7.082284739,DAY,pv_v,0,12,11,0,0,0,10,6.863294634,1.083722757,5.471329253,9,11,50.87112173,11.68058103,2020-11-11 01:01:01,2020-11-11 01:01:01
52,4,4.30049259,NIGHT,3.307647347,0.475896391,NIGHT,pv_v,0,12,12,0,0,0,11,7.975197725,1.471641957,1.409031644,8,3,76.92674324,90.68897604,2020-11-11 01:01:01,2020-11-11 01:01:01
53,6,0.125435147,DAY,1.12915794,1.538496945,DAY,pv_v,0,10,12,0,0,0,10,6.001567572,3.456778774,6.367682831,7,6,35.51514521,32.4901295,2020-11-11 01:01:01,2020-11-11 01:01:01
54,10,8.248945093,NIGHT,4.894976965,2.464207036,NIGHT,pv_v,0,10,11,0,0,0,11,11.90553296,3.648952412,0.810045596,3,9,47.12575993,57.13255989,2020-11-11 01:01:01,2020-11-11 01:01:01
55,9,4.524268913,DAY,2.111821934,9.956878121,DAY,pv_v,0,12,12,0,0,0,12,10.44248113,4.151485946,2.766953026,11,2,68.47535956,48.89837071,2020-11-11 01:01:01,2020-11-11 01:01:01
56,8,1.205988958,NIGHT,2.296436474,5.004177441,NIGHT,pv_v,0,11,12,0,0,0,12,8.365237957,4.194635577,5.993773674,6,5,79.97542617,37.69522576,2020-11-11 01:01:01,2020-11-11 01:01:01
57,10,2.254225942,DAY,9.895161067,9.388326668,DAY,pv_v,0,12,11,0,0,0,10,9.587819531,7.090053622,0.095645328,10,9,60.2719931,50.25885378,2020-11-11 01:01:01,2020-11-11 01:01:01
58,8,5.718470838,NIGHT,2.943053603,3.613026542,NIGHT,pv_v,0,12,10,0,0,0,10,6.365810695,4.007965828,3.608837883,11,8,63.97347303,37.46719394,2020-11-11 01:01:01,2020-11-11 01:01:01
59,1,7.409531965,DAY,7.581954792,2.092088048,DAY,pv_v,0,11,10,0,0,0,12,6.985237115,2.603874512,6.88741988,6,9,2.203498467,71.75995779,2020-11-11 01:01:01,2020-11-11 01:01:01
60,9,8.902921874,NIGHT,9.333392038,3.700585306,NIGHT,pv_v,0,10,11,0,0,0,11,6.452198619,0.042550052,5.323939103,9,11,6.789232528,78.56245587,2020-11-11 01:01:01,2020-11-11 01:01:01
61,10,9.823226998,DAY,3.847480797,6.02912974,DAY,pv_v,0,12,11,0,0,0,12,6.436078054,0.002331285,9.203145967,6,11,14.45250763,86.78613156,2020-11-11 01:01:01,2020-11-11 01:01:01
62,7,8.644293754,NIGHT,8.979486187,4.64530088,NIGHT,pv_v,0,10,12,0,0,0,10,11.77767923,9.481939168,4.371966036,2,3,54.43382353,95.35058694,2020-11-11 01:01:01,2020-11-11 01:01:01
63,8,7.593775549,DAY,0.592249077,6.034442246,DAY,pv_v,0,10,11,0,0,0,12,9.540816261,5.09807177,6.423869327,7,6,76.25851511,15.33684617,2020-11-11 01:01:01,2020-11-11 01:01:01
64,6,6.716294362,NIGHT,5.135665822,5.146273753,NIGHT,pv_v,0,10,12,0,0,0,12,7.67521306,8.922763163,8.378922254,2,10,63.51952041,47.00851349,2020-11-11 01:01:01,2020-11-11 01:01:01
65,2,6.248185903,DAY,8.684823545,9.225424989,DAY,pv_v,0,10,10,0,0,0,11,7.118443571,1.559911883,1.468202957,4,2,5.786886775,92.80355738,2020-11-11 01:01:01,2020-11-11 01:01:01
66,2,3.208093018,NIGHT,7.800452072,6.867956752,NIGHT,pv_v,0,12,10,0,0,0,10,12.09339974,6.128342521,0.440070008,2,5,32.58808062,36.39650228,2020-11-11 01:01:01,2020-11-11 01:01:01
67,7,2.633040546,DAY,8.296370106,2.99459351,DAY,pv_v,0,12,11,0,0,0,10,7.495101433,4.570495091,2.616643407,7,4,64.77379477,66.41507412,2020-11-11 01:01:01,2020-11-11 01:01:01
68,4,8.845165984,NIGHT,9.905588475,0.085766166,NIGHT,pv_v,0,12,10,0,0,0,11,11.12512779,5.294390683,8.033902261,7,11,9.745261246,58.02006898,2020-11-11 01:01:01,2020-11-11 01:01:01
69,8,2.086910365,DAY,3.955916698,7.008200144,DAY,pv_v,0,11,12,0,0,0,10,9.695495899,4.819879748,6.851970806,3,7,17.14004125,67.60447212,2020-11-11 01:01:01,2020-11-11 01:01:01
70,1,6.487703398,NIGHT,6.047175449,9.404376145,NIGHT,pv_v,0,10,11,0,0,0,10,12.92531061,5.299276547,0.062842567,2,9,71.27215266,70.98141948,2020-11-11 01:01:01,2020-11-11 01:01:01
71,7,4.900814158,DAY,0.737336955,9.39166289,DAY,pv_v,0,10,10,0,0,0,11,14.65144865,1.686951356,5.487038185,4,2,79.12540394,62.32855634,2020-11-11 01:01:01,2020-11-11 01:01:01
72,4,3.065488085,NIGHT,3.217478251,9.8891218,NIGHT,pv_v,0,10,10,0,0,0,11,9.68997139,5.642527127,3.639800488,10,8,87.75328098,11.22351393,2020-11-11 01:01:01,2020-11-11 01:01:01
73,7,5.358951298,DAY,5.100924466,4.701851782,DAY,pv_v,0,11,12,0,0,0,10,12.08640901,4.055343394,2.203607314,8,4,5.522616582,52.64241026,2020-11-11 01:01:01,2020-11-11 01:01:01
74,4,4.503566788,NIGHT,6.696489862,3.881906963,NIGHT,pv_v,0,11,10,0,0,0,10,12.86865385,2.243809474,4.192159122,4,6,3.244182069,2.907282497,2020-11-11 01:01:01,2020-11-11 01:01:01
75,9,1.163639181,DAY,1.451449158,7.20866299,DAY,pv_v,0,12,12,0,0,0,10,7.355402818,4.623984295,3.109080837,11,6,34.70287738,64.33475225,2020-11-11 01:01:01,2020-11-11 01:01:01
76,2,5.7153782,NIGHT,6.50467456,7.293928872,NIGHT,pv_v,0,10,11,0,0,0,11,9.340561358,9.736479622,5.995599373,7,4,66.01347867,75.42716005,2020-11-11 01:01:01,2020-11-11 01:01:01
77,9,7.090541265,DAY,3.180788531,8.354291404,DAY,pv_v,0,10,11,0,0,0,10,5.317911913,9.0583548,5.773441771,11,7,99.34840847,9.54909093,2020-11-11 01:01:01,2020-11-11 01:01:01
78,6,9.684918505,NIGHT,4.57759494,2.901087222,NIGHT,pv_v,0,11,11,0,0,0,12,14.89796352,3.465783629,4.965666631,9,2,42.16578032,50.87210051,2020-11-11 01:01:01,2020-11-11 01:01:01
79,0,3.398948636,DAY,3.234691669,6.296781274,DAY,pv_v,0,11,12,0,0,0,10,8.07959966,8.976109876,9.699054956,9,6,4.461961364,61.07171596,2020-11-11 01:01:01,2020-11-11 01:01:01
80,6,6.854859029,NIGHT,6.863541148,9.207841871,NIGHT,pv_v,0,10,12,0,0,0,10,12.17999076,4.251879686,5.408347844,10,3,18.81735311,95.46480447,2020-11-11 01:01:01,2020-11-11 01:01:01
81,0,9.996058515,DAY,2.710842215,5.643461194,DAY,pv_v,0,10,10,0,0,0,10,7.312417798,7.044143949,0.557458713,4,5,92.83963254,44.46983987,2020-11-11 01:01:01,2020-11-11 01:01:01
82,10,1.853479866,NIGHT,9.609101568,6.821738734,NIGHT,pv_v,0,10,12,0,0,0,10,5.09997051,2.342240058,2.268575434,5,2,0.396410453,86.61071859,2020-11-11 01:01:01,2020-11-11 01:01:01
83,9,4.233947363,DAY,3.432854665,7.421138451,DAY,pv_v,0,11,10,0,0,0,12,6.153592197,9.278639773,5.7989828,2,11,23.7308546,41.58126566,2020-11-11 01:01:01,2020-11-11 01:01:01
84,6,6.770663312,NIGHT,6.352743427,5.594937116,NIGHT,pv_v,0,12,10,0,0,0,12,8.529055344,3.935026559,5.474215384,7,5,61.66697206,60.47314002,2020-11-11 01:01:01,2020-11-11 01:01:01
85,2,0.875158908,DAY,1.378354115,4.866955689,DAY,pv_v,0,11,10,0,0,0,12,9.692475737,2.680727775,4.462966967,11,11,75.7526831,40.85120821,2020-11-11 01:01:01,2020-11-11 01:01:01
86,1,1.948788899,NIGHT,9.070185709,3.607131956,NIGHT,pv_v,0,12,11,0,0,0,10,12.3229155,2.947657597,5.87203753,4,3,66.40456246,79.32039834,2020-11-11 01:01:01,2020-11-11 01:01:01
87,9,4.196322094,DAY,3.672327118,8.708509408,DAY,pv_v,0,11,11,0,0,0,11,8.715296714,3.517467552,2.178065553,10,10,14.42484863,21.23791626,2020-11-11 01:01:01,2020-11-11 01:01:01
88,4,8.140907391,NIGHT,7.769736581,9.792131176,NIGHT,pv_v,0,11,11,0,0,0,11,11.69444921,5.820058018,9.318607862,9,7,82.80766169,3.783378677,2020-11-11 01:01:01,2020-11-11 01:01:01
89,5,1.518489452,DAY,0.230076058,5.877162716,DAY,pv_v,0,12,10,0,0,0,11,12.42035944,7.157060483,2.645579918,10,3,51.75652771,58.05477693,2020-11-11 01:01:01,2020-11-11 01:01:01
90,4,5.964763316,NIGHT,0.190892464,2.552148088,NIGHT,pv_v,0,12,11,0,0,0,10,5.361697111,1.294078211,2.153563438,4,8,28.1775814,35.91562355,2020-11-11 01:01:01,2020-11-11 01:01:01
91,9,4.539721581,DAY,2.960742242,3.41164992,DAY,pv_v,0,11,12,0,0,0,12,8.977795835,2.024166296,0.330761188,6,5,9.182661838,23.13393232,2020-11-11 01:01:01,2020-11-11 01:01:01
92,9,7.046551284,NIGHT,5.221014992,9.339706557,NIGHT,pv_v,0,12,10,0,0,0,10,11.22108816,2.767681436,9.18646307,4,5,70.61150143,17.78065835,2020-11-11 01:01:01,2020-11-11 01:01:01
93,4,3.506473503,DAY,3.844001906,2.913872415,DAY,pv_v,0,10,12,0,0,0,11,7.925757617,9.188443327,2.985087476,5,6,71.86590046,87.2787221,2020-11-11 01:01:01,2020-11-11 01:01:01
94,10,8.50252153,NIGHT,6.694825915,7.375885791,NIGHT,pv_v,0,12,11,0,0,0,10,7.53218518,6.785589727,0.762694547,2,5,52.62935272,91.48948622,2020-11-11 01:01:01,2020-11-11 01:01:01
95,8,3.059336754,DAY,8.853149486,6.113725363,DAY,pv_v,0,12,11,0,0,0,11,6.46927142,4.854133346,5.325396383,4,9,20.33120226,35.1724292,2020-11-11 01:01:01,2020-11-11 01:01:01
96,2,0.269128755,NIGHT,7.39756215,6.622047973,NIGHT,pv_v,0,10,10,0,0,0,12,13.48632362,7.861759485,0.680440996,7,9,58.59581479,50.25688006,2020-11-11 01:01:01,2020-11-11 01:01:01
97,5,6.178294797,DAY,9.548429389,5.083827918,DAY,pv_v,0,11,10,0,0,0,10,9.143094061,5.574938772,1.90202817,2,5,78.77198924,4.94795089,2020-11-11 01:01:01,2020-11-11 01:01:01
98,4,9.512721655,NIGHT,7.08048603,6.659019687,NIGHT,pv_v,0,11,10,0,0,0,10,13.27368344,3.694411714,3.564082056,8,6,2.675104571,59.63612333,2020-11-11 01:01:01,2020-11-11 01:01:01
99,6,4.142897702,DAY,4.042855016,4.449242006,DAY,pv_v,0,11,12,0,0,0,12,14.90982025,5.11267917,9.229844869,5,2,62.28367135,65.50441552,2020-11-11 01:01:01,2020-11-11 01:01:01
100,0,4.943752522,NIGHT,4.864435772,5.515083626,NIGHT,pv_v,0,12,11,0,0,0,11,7.093145677,2.048843344,8.64356924,8,8,45.7440944,50.56616055,2020-11-11 01:01:01,2020-11-11 01:01:01
101,0,7.246461754,DAY,2.457286833,2.23207315,DAY,pv_v,0,10,10,0,0,0,11,10.33572512,3.482824627,1.790246102,2,2,37.77557753,62.81070414,2020-11-11 01:01:01,2020-11-11 01:01:01
102,5,6.19936456,NIGHT,4.938860411,4.600954327,NIGHT,pv_v,0,11,11,0,0,0,10,9.88355045,1.805622524,0.823166954,9,8,78.84349681,58.95997693,2020-11-11 01:01:01,2020-11-11 01:01:01
103,3,8.977391767,DAY,7.998832482,8.595157608,DAY,pv_v,0,12,10,0,0,0,10,7.563750647,4.303993167,3.111489076,7,9,1.39906961,91.27734898,2020-11-11 01:01:01,2020-11-11 01:01:01
104,6,7.368492942,NIGHT,4.144399617,5.951955661,NIGHT,pv_v,0,10,12,0,0,0,11,5.762942174,7.381866122,3.48328644,3,5,21.15258233,24.21835949,2020-11-11 01:01:01,2020-11-11 01:01:01
105,0,8.067321338,DAY,9.977769401,2.362281236,DAY,pv_v,0,11,11,0,0,0,12,12.0862698,4.211695681,1.52812059,11,10,65.52999238,8.044249921,2020-11-11 01:01:01,2020-11-11 01:01:01
106,9,7.257273454,NIGHT,7.882852098,5.390090907,NIGHT,pv_v,0,10,11,0,0,0,10,13.05420328,2.069002976,7.735080331,11,11,9.392464722,7.009603262,2020-11-11 01:01:01,2020-11-11 01:01:01
107,5,9.847914455,DAY,8.246653101,3.990120591,DAY,pv_v,0,11,12,0,0,0,10,6.286578229,7.657093456,7.728241736,10,10,29.77933555,17.96928183,2020-11-11 01:01:01,2020-11-11 01:01:01
108,6,9.782267717,NIGHT,6.298217505,8.570752163,NIGHT,pv_v,0,11,12,0,0,0,12,5.503404976,8.705506047,6.255904573,2,8,35.05970667,49.98048219,2020-11-11 01:01:01,2020-11-11 01:01:01
109,1,4.274922832,DAY,9.38055441,1.709615701,DAY,pv_v,0,11,10,0,0,0,12,7.543297839,9.534302029,1.248757109,8,10,36.2798112,32.12923887,2020-11-11 01:01:01,2020-11-11 01:01:01
110,1,0.788738522,NIGHT,8.983114545,1.392005121,NIGHT,pv_v,0,12,10,0,0,0,12,14.63824542,8.404401536,0.887775063,4,4,70.39367294,96.95655997,2020-11-11 01:01:01,2020-11-11 01:01:01
111,3,4.834845116,DAY,6.327437199,0.720349934,DAY,pv_v,0,11,11,0,0,0,12,14.00566228,2.597608415,9.29189337,7,7,92.24428924,91.38681459,2020-11-11 01:01:01,2020-11-11 01:01:01
112,10,9.975328547,NIGHT,0.135035689,0.544104555,NIGHT,pv_v,0,10,10,0,0,0,12,5.090770859,6.684862042,1.829344063,2,6,35.84843722,33.37817707,2020-11-11 01:01:01,2020-11-11 01:01:01
113,5,0.069301833,DAY,0.437054412,4.804732043,DAY,pv_v,0,10,12,0,0,0,11,5.808654421,3.774800738,4.84014924,11,11,9.350777632,62.45851889,2020-11-11 01:01:01,2020-11-11 01:01:01
114,9,2.743586857,NIGHT,1.496187862,8.014150006,NIGHT,pv_v,0,10,12,0,0,0,11,12.28414937,4.695155407,0.803894713,3,11,80.57762009,16.00038512,2020-11-11 01:01:01,2020-11-11 01:01:01
115,5,6.665636742,DAY,9.290267434,9.860908832,DAY,pv_v,0,12,12,0,0,0,10,8.297213341,0.113797775,4.312808246,8,6,47.97183742,86.7731979,2020-11-11 01:01:01,2020-11-11 01:01:01
116,3,6.887607852,NIGHT,5.049050282,4.93525195,NIGHT,pv_v,0,11,12,0,0,0,12,5.855605074,6.592515626,1.316577379,3,2,18.34591206,9.511316492,2020-11-11 01:01:01,2020-11-11 01:01:01
117,8,0.678192026,DAY,6.846593326,6.266969637,DAY,pv_v,0,12,11,0,0,0,12,12.47852007,4.872282677,4.488959214,9,9,20.82320786,30.67051177,2020-11-11 01:01:01,2020-11-11 01:01:01
118,10,9.506268773,NIGHT,5.998883259,5.417639326,NIGHT,pv_v,0,12,12,0,0,0,11,9.309191139,7.507019735,2.838964431,9,4,8.973538166,18.49760265,2020-11-11 01:01:01,2020-11-11 01:01:01
119,4,8.964199507,DAY,0.1400515,4.875358784,DAY,pv_v,0,10,12,0,0,0,10,12.83255368,9.949531256,7.148805493,2,2,49.23799219,1.628755639,2020-11-11 01:01:01,2020-11-11 01:01:01
120,9,4.515623919,NIGHT,6.463291439,5.72292703,NIGHT,pv_v,0,12,12,0,0,0,12,6.642857338,5.094866751,3.345865488,7,5,72.94180221,9.86138153,2020-11-11 01:01:01,2020-11-11 01:01:01
121,0,7.86885373,DAY,3.585712406,8.033882638,DAY,pv_v,0,10,10,0,0,0,11,6.4074714,7.464612412,9.842890839,8,3,75.71332721,88.45195897,2020-11-11 01:01:01,2020-11-11 01:01:01
122,10,2.324891185,NIGHT,9.923491738,8.767436229,NIGHT,pv_v,0,10,12,0,0,0,10,7.282426785,3.461449962,3.43270364,8,7,77.42434555,6.522345646,2020-11-11 01:01:01,2020-11-11 01:01:01
123,7,9.649403235,DAY,8.2401873,4.271815007,DAY,pv_v,0,12,10,0,0,0,11,11.27647139,3.79672021,2.328633947,7,7,15.79295624,28.20133303,2020-11-11 01:01:01,2020-11-11 01:01:01
124,9,4.267201548,NIGHT,6.351350973,5.692575971,NIGHT,pv_v,0,11,10,0,0,0,11,13.16755288,3.388172361,1.875061349,5,4,26.05991628,80.8611242,2020-11-11 01:01:01,2020-11-11 01:01:01
125,6,5.233188076,DAY,8.920439977,6.820449794,DAY,pv_v,0,11,10,0,0,0,12,6.575322291,5.023950133,2.778464253,6,10,57.22582018,88.81538036,2020-11-11 01:01:01,2020-11-11 01:01:01
126,2,8.337517791,NIGHT,2.606238618,0.453714498,NIGHT,pv_v,0,11,11,0,0,0,12,7.384309973,1.072332224,7.107304897,4,3,1.430688327,24.2132387,2020-11-11 01:01:01,2020-11-11 01:01:01
127,9,5.741821925,DAY,6.419794073,5.046849822,DAY,pv_v,0,12,12,0,0,0,12,5.170203947,6.750253078,5.235887132,8,10,75.38421591,64.26679774,2020-11-11 01:01:01,2020-11-11 01:01:01
128,4,4.350794661,NIGHT,6.695513595,7.513224464,NIGHT,pv_v,0,11,10,0,0,0,10,8.060257941,1.167649657,6.694045016,9,9,55.20180214,63.40479742,2020-11-11 01:01:01,2020-11-11 01:01:01
129,2,7.081786102,DAY,4.318565127,1.254995074,DAY,pv_v,0,12,12,0,0,0,11,10.55378431,2.304305186,9.637972109,3,5,4.260149366,66.55505218,2020-11-11 01:01:01,2020-11-11 01:01:01
130,6,0.50592973,NIGHT,6.850928146,2.882904559,NIGHT,pv_v,0,10,12,0,0,0,11,8.456294153,7.282427502,3.035157962,6,4,27.45237542,73.48920107,2020-11-11 01:01:01,2020-11-11 01:01:01
131,10,8.369317352,DAY,7.389088168,8.705463025,DAY,pv_v,0,10,12,0,0,0,10,14.32085677,8.368643267,9.96900948,10,6,14.62354173,16.6537943,2020-11-11 01:01:01,2020-11-11 01:01:01
132,6,4.684924949,NIGHT,4.115509266,9.986643115,NIGHT,pv_v,0,10,11,0,0,0,10,14.65379346,0.069228732,1.336345623,2,3,42.68604996,32.64224825,2020-11-11 01:01:01,2020-11-11 01:01:01
133,7,1.92946957,DAY,3.934847691,2.331286618,DAY,pv_v,0,12,11,0,0,0,10,8.515339931,2.923182559,3.375511902,2,9,42.82486912,7.422827781,2020-11-11 01:01:01,2020-11-11 01:01:01
134,9,4.094490336,NIGHT,4.420170385,4.952887426,NIGHT,pv_v,0,12,12,0,0,0,11,5.879580322,6.351697591,0.990395878,7,4,7.720237622,34.63401003,2020-11-11 01:01:01,2020-11-11 01:01:01
135,3,9.071756653,DAY,6.905148342,0.716475437,DAY,pv_v,0,12,12,0,0,0,10,9.689026698,9.515701001,8.083055049,4,11,48.21168343,3.558760819,2020-11-11 01:01:01,2020-11-11 01:01:01
136,6,6.999399924,NIGHT,1.816448582,4.376417114,NIGHT,pv_v,0,11,10,0,0,0,11,14.96092724,4.236558825,9.899100614,6,4,39.99352244,89.3802726,2020-11-11 01:01:01,2020-11-11 01:01:01
137,7,9.081763883,DAY,2.604875417,3.176674883,DAY,pv_v,0,10,10,0,0,0,12,6.469991829,7.071837381,1.398087121,11,9,98.18811343,66.7373237,2020-11-11 01:01:01,2020-11-11 01:01:01
138,6,6.313590819,NIGHT,6.731242698,1.718199621,NIGHT,pv_v,0,12,12,0,0,0,12,7.155751737,5.242156454,7.970913234,3,10,55.62251204,54.13048912,2020-11-11 01:01:01,2020-11-11 01:01:01
139,7,2.755254133,DAY,5.807163193,4.890226882,DAY,pv_v,0,10,12,0,0,0,12,10.65450027,3.470558951,2.470654539,10,2,54.04315543,46.10356855,2020-11-11 01:01:01,2020-11-11 01:01:01
140,4,1.064150509,NIGHT,5.451739018,3.489647466,NIGHT,pv_v,0,11,10,0,0,0,12,8.043111586,1.984159801,9.834164975,10,11,27.48147745,40.378465,2020-11-11 01:01:01,2020-11-11 01:01:01
141,5,4.837607175,DAY,8.490372388,6.279255015,DAY,pv_v,0,11,12,0,0,0,11,7.437938842,1.125441332,6.356451878,7,10,47.17035752,21.89173242,2020-11-11 01:01:01,2020-11-11 01:01:01
142,4,8.250230617,NIGHT,0.546404022,1.30189658,NIGHT,pv_v,0,10,10,0,0,0,12,7.176946145,2.976560359,3.355618515,9,9,93.04914948,84.41853347,2020-11-11 01:01:01,2020-11-11 01:01:01
143,4,2.964035923,DAY,4.612639366,5.362763098,DAY,pv_v,0,10,10,0,0,0,10,10.04004717,6.708894365,0.29470357,8,10,56.06458915,1.46226707,2020-11-11 01:01:01,2020-11-11 01:01:01
144,4,5.771727343,NIGHT,7.123878012,8.814194882,NIGHT,pv_v,0,11,10,0,0,0,10,14.44286533,5.126214689,3.339483824,9,7,21.39178473,58.08228407,2020-11-11 01:01:01,2020-11-11 01:01:01
145,7,5.833437235,DAY,8.980104259,7.067011577,DAY,pv_v,0,11,10,0,0,0,12,9.057671188,7.707259534,4.745608187,2,8,9.455599139,72.80760684,2020-11-11 01:01:01,2020-11-11 01:01:01
146,0,5.96715922,NIGHT,6.801878515,2.406461442,NIGHT,pv_v,0,12,10,0,0,0,10,10.50010639,9.514849675,7.853289098,11,7,31.48616182,79.25313253,2020-11-11 01:01:01,2020-11-11 01:01:01
147,2,5.704276553,DAY,9.628194639,9.63462296,DAY,pv_v,0,11,12,0,0,0,11,11.27295327,0.374672562,5.029442102,2,6,11.1606824,46.89236518,2020-11-11 01:01:01,2020-11-11 01:01:01
148,6,7.715174421,NIGHT,4.838917548,7.166383837,NIGHT,pv_v,0,10,12,0,0,0,12,9.969565781,4.574717253,0.070825066,7,4,59.23336038,30.39715501,2020-11-11 01:01:01,2020-11-11 01:01:01
149,7,0.404541616,DAY,7.819317135,8.207821062,DAY,pv_v,0,12,11,0,0,0,12,6.506826351,2.264448436,0.60229166,8,11,83.79341144,3.294993599,2020-11-11 01:01:01,2020-11-11 01:01:01
150,9,0.857263464,NIGHT,3.852060337,6.667574436,NIGHT,pv_v,0,10,11,0,0,0,12,7.143348953,6.617891051,9.249194653,9,6,49.24021427,13.46397412,2020-11-11 01:01:01,2020-11-11 01:01:01
151,8,8.219757547,DAY,8.503954255,6.896573441,DAY,pv_v,0,10,10,0,0,0,11,13.30922329,0.756269079,2.320451207,10,10,12.61974028,0.209764071,2020-11-11 01:01:01,2020-11-11 01:01:01
152,7,4.377558387,NIGHT,1.867282956,5.429780824,NIGHT,pv_v,0,11,11,0,0,0,10,14.73920272,9.574914546,1.279691617,11,7,50.64358768,9.691092529,2020-11-11 01:01:01,2020-11-11 01:01:01
153,0,4.121391734,DAY,6.175081133,9.589126113,DAY,pv_v,0,10,12,0,0,0,12,6.453303048,5.732904127,3.748483205,7,3,40.36697034,73.51341485,2020-11-11 01:01:01,2020-11-11 01:01:01
154,2,0.663592405,NIGHT,2.421299473,9.192456972,NIGHT,pv_v,0,11,10,0,0,0,10,8.247654337,5.471539936,4.3080011,7,2,55.01650695,62.31694388,2020-11-11 01:01:01,2020-11-11 01:01:01
155,0,8.204328643,DAY,5.798604953,5.992270351,DAY,pv_v,0,10,12,0,0,0,10,8.056696587,6.556992871,4.156759678,4,2,96.18034186,27.83992037,2020-11-11 01:01:01,2020-11-11 01:01:01
156,0,9.471788154,NIGHT,7.567414853,4.792636511,NIGHT,pv_v,0,11,12,0,0,0,10,5.920593704,2.682533888,1.582292708,11,8,7.56375172,68.80707467,2020-11-11 01:01:01,2020-11-11 01:01:01
157,5,7.277015989,DAY,0.265252315,5.384480655,DAY,pv_v,0,11,11,0,0,0,12,10.21255748,9.866359928,0.846355336,5,3,94.1192771,44.05778538,2020-11-11 01:01:01,2020-11-11 01:01:01
158,3,3.776462673,NIGHT,9.585009214,7.135606815,NIGHT,pv_v,0,11,10,0,0,0,10,7.417136623,3.884051892,5.380076253,8,9,92.57193226,23.45522821,2020-11-11 01:01:01,2020-11-11 01:01:01
159,2,7.278634762,DAY,4.561785219,3.09151423,DAY,pv_v,0,12,11,0,0,0,11,12.46141834,5.010820753,6.398980092,10,10,48.80258871,50.6073391,2020-11-11 01:01:01,2020-11-11 01:01:01
160,5,6.053579515,NIGHT,8.885349375,7.660923508,NIGHT,pv_v,0,12,11,0,0,0,10,5.981956085,9.476015877,8.990192858,5,3,69.07279015,21.10661623,2020-11-11 01:01:01,2020-11-11 01:01:01
161,1,2.445091589,DAY,4.211271608,7.260634506,DAY,pv_v,0,12,11,0,0,0,11,7.205693252,8.942679546,4.591129583,10,6,55.02913048,24.2342812,2020-11-11 01:01:01,2020-11-11 01:01:01
162,6,2.584558304,NIGHT,0.34034042,3.551212592,NIGHT,pv_v,0,12,10,0,0,0,10,6.713801115,0.791915064,8.687219099,9,6,69.72643165,14.3267706,2020-11-11 01:01:01,2020-11-11 01:01:01
163,3,8.720022515,DAY,0.406630004,5.097452607,DAY,pv_v,0,11,11,0,0,0,10,5.502859122,3.592113759,4.108010011,6,8,23.68818876,58.7465264,2020-11-11 01:01:01,2020-11-11 01:01:01
164,7,1.61322905,NIGHT,5.350899089,7.788709165,NIGHT,pv_v,0,10,10,0,0,0,11,13.27561291,8.999949183,8.172914769,3,6,49.05732228,62.63036957,2020-11-11 01:01:01,2020-11-11 01:01:01
165,9,5.319640031,DAY,8.323267284,2.281782768,DAY,pv_v,0,11,11,0,0,0,12,13.01857362,1.309722476,3.464713693,10,4,86.85703527,29.17379265,2020-11-11 01:01:01,2020-11-11 01:01:01
166,0,5.087640606,NIGHT,2.310531172,6.975707607,NIGHT,pv_v,0,10,10,0,0,0,11,13.58762819,6.485807386,1.523866477,8,11,85.49781254,41.84303957,2020-11-11 01:01:01,2020-11-11 01:01:01
167,2,5.903531566,DAY,5.059958527,2.861337756,DAY,pv_v,0,12,10,0,0,0,12,11.11347666,8.93212305,7.36493651,10,7,19.40138586,10.94433901,2020-11-11 01:01:01,2020-11-11 01:01:01
168,1,4.217760129,NIGHT,9.10516919,5.185476229,NIGHT,pv_v,0,10,10,0,0,0,10,7.468953031,3.363866652,3.870114718,10,8,68.28788579,56.97834014,2020-11-11 01:01:01,2020-11-11 01:01:01
169,9,6.180725422,DAY,1.105905959,0.395043564,DAY,pv_v,0,11,11,0,0,0,11,11.65839376,9.846600327,6.667832248,6,10,88.14289972,3.361070617,2020-11-11 01:01:01,2020-11-11 01:01:01
170,0,9.789497301,NIGHT,6.241584123,5.614627835,NIGHT,pv_v,0,12,10,0,0,0,11,6.881236603,4.71154813,0.701923751,6,3,66.80265345,92.70625021,2020-11-11 01:01:01,2020-11-11 01:01:01
171,6,8.9483554,DAY,6.143957973,9.961964104,DAY,pv_v,0,10,12,0,0,0,10,9.625369497,7.318126597,0.038394811,11,4,25.47711026,83.00491643,2020-11-11 01:01:01,2020-11-11 01:01:01
172,3,0.516791771,NIGHT,4.330703288,2.994476848,NIGHT,pv_v,0,11,11,0,0,0,11,14.13858483,4.070517545,6.144667437,8,5,69.83824875,56.74277182,2020-11-11 01:01:01,2020-11-11 01:01:01
173,7,1.62580215,DAY,6.311137435,8.796965048,DAY,pv_v,0,11,10,0,0,0,10,8.562993209,1.305916224,9.966672281,9,4,25.56129621,71.7900718,2020-11-11 01:01:01,2020-11-11 01:01:01
174,0,7.529714409,NIGHT,8.497242243,1.344356124,NIGHT,pv_v,0,10,12,0,0,0,10,13.94707328,6.690135958,3.464832329,5,8,5.054499403,80.65592843,2020-11-11 01:01:01,2020-11-11 01:01:01
175,0,2.849431003,DAY,2.443767537,4.390500326,DAY,pv_v,0,11,11,0,0,0,10,6.92107274,9.857886631,8.175974342,3,4,69.95568494,36.60558085,2020-11-11 01:01:01,2020-11-11 01:01:01
176,1,2.062744332,NIGHT,4.836909051,3.661368355,NIGHT,pv_v,0,10,10,0,0,0,11,13.33179896,3.944296764,1.970703365,9,6,36.58228535,20.21670509,2020-11-11 01:01:01,2020-11-11 01:01:01
177,6,5.473096491,DAY,0.906648177,5.470242205,DAY,pv_v,0,12,12,0,0,0,12,8.840526625,4.427750597,4.229696942,7,3,61.90646445,3.046037996,2020-11-11 01:01:01,2020-11-11 01:01:01
178,9,9.477510011,NIGHT,3.642168931,0.555878195,NIGHT,pv_v,0,12,12,0,0,0,10,14.58567154,2.778651367,3.511902678,6,7,74.78903902,89.40458537,2020-11-11 01:01:01,2020-11-11 01:01:01
179,0,8.885179397,DAY,1.685465911,1.042320054,DAY,pv_v,0,10,11,0,0,0,12,5.139577435,6.185423358,0.868285247,10,2,27.08196945,85.14759464,2020-11-11 01:01:01,2020-11-11 01:01:01
180,10,3.674181444,NIGHT,6.983305369,3.99557589,NIGHT,pv_v,0,12,11,0,0,0,10,10.67903502,9.590370589,8.179512028,7,8,41.45919768,40.27570126,2020-11-11 01:01:01,2020-11-11 01:01:01
181,6,8.691370973,DAY,2.727568277,2.479562891,DAY,pv_v,0,10,12,0,0,0,10,8.868112358,7.648925088,0.659667023,5,9,27.58820636,52.75400838,2020-11-11 01:01:01,2020-11-11 01:01:01
182,5,8.098096698,NIGHT,4.544819573,0.928914861,NIGHT,pv_v,0,12,11,0,0,0,11,14.50846147,9.695967808,7.20540383,10,9,60.21487664,29.22209186,2020-11-11 01:01:01,2020-11-11 01:01:01
183,4,9.727208634,DAY,2.885899702,4.147300219,DAY,pv_v,0,12,10,0,0,0,10,10.76085878,4.076461864,9.662573187,2,2,6.269206414,45.39042799,2020-11-11 01:01:01,2020-11-11 01:01:01
184,5,8.772579144,NIGHT,5.153306891,7.997158384,NIGHT,pv_v,0,10,11,0,0,0,12,14.21526211,9.116620708,4.956962272,7,9,74.23843915,14.25997484,2020-11-11 01:01:01,2020-11-11 01:01:01
185,5,1.790595437,DAY,6.703093128,2.836623991,DAY,pv_v,0,12,10,0,0,0,10,8.320284174,5.816854593,7.628089538,7,11,81.57301515,87.05403347,2020-11-11 01:01:01,2020-11-11 01:01:01
186,3,6.884116073,NIGHT,3.390555812,0.823990934,NIGHT,pv_v,0,11,10,0,0,0,11,9.933205446,1.45919021,7.851281884,4,8,67.32747803,62.07748186,2020-11-11 01:01:01,2020-11-11 01:01:01
187,10,6.450591966,DAY,1.60359134,0.463312541,DAY,pv_v,0,11,12,0,0,0,10,7.853011496,4.850135835,7.68607922,5,4,88.10909808,99.5566948,2020-11-11 01:01:01,2020-11-11 01:01:01
188,7,5.707624907,NIGHT,9.535593723,9.042479314,NIGHT,pv_v,0,12,12,0,0,0,11,9.580391097,4.36063442,8.19810918,6,6,97.63134063,0.307209028,2020-11-11 01:01:01,2020-11-11 01:01:01
189,3,4.29813394,DAY,1.702714278,9.728291459,DAY,pv_v,0,12,12,0,0,0,10,10.23983763,7.78262859,8.770741485,3,4,25.41920027,77.92963266,2020-11-11 01:01:01,2020-11-11 01:01:01
190,7,2.488538871,NIGHT,6.981874752,2.533557114,NIGHT,pv_v,0,12,10,0,0,0,11,9.154191342,8.541109324,6.616129779,11,6,49.35243203,52.12352679,2020-11-11 01:01:01,2020-11-11 01:01:01
191,0,1.653265501,DAY,6.171614463,2.246173077,DAY,pv_v,0,12,11,0,0,0,11,11.19382089,5.249628957,3.256610476,2,9,43.00533242,21.93704831,2020-11-11 01:01:01,2020-11-11 01:01:01
192,2,2.580061208,NIGHT,7.184322606,7.30732964,NIGHT,pv_v,0,10,11,0,0,0,10,10.99553317,7.915123286,3.274563789,10,10,15.22980226,70.8862915,2020-11-11 01:01:01,2020-11-11 01:01:01
193,6,4.415695079,DAY,4.888854374,0.054661588,DAY,pv_v,0,12,10,0,0,0,11,9.60184871,1.081722735,3.308971184,6,11,69.60667542,71.77674484,2020-11-11 01:01:01,2020-11-11 01:01:01
194,2,7.707332741,NIGHT,6.654952859,6.244714147,NIGHT,pv_v,0,10,10,0,0,0,11,12.94531736,5.596527104,3.804227553,7,10,58.63927528,18.44760736,2020-11-11 01:01:01,2020-11-11 01:01:01
195,10,2.698492208,DAY,6.136663483,4.598894606,DAY,pv_v,0,12,11,0,0,0,10,13.48540253,2.85354727,8.280822442,4,7,2.282856461,24.22159347,2020-11-11 01:01:01,2020-11-11 01:01:01
196,9,5.664698613,NIGHT,6.911325397,8.388657033,NIGHT,pv_v,0,10,10,0,0,0,12,13.08290542,5.882766216,9.686219018,6,10,7.504172579,18.8593736,2020-11-11 01:01:01,2020-11-11 01:01:01
197,6,7.934876008,DAY,4.832107882,3.324234476,DAY,pv_v,0,12,10,0,0,0,12,9.257288556,6.549297846,2.223577147,5,4,36.6638565,84.83427541,2020-11-11 01:01:01,2020-11-11 01:01:01
198,8,3.108017585,NIGHT,8.611041815,4.499026285,NIGHT,pv_v,0,11,10,0,0,0,10,11.40557537,1.037009522,0.024408623,8,2,91.98463378,61.71674825,2020-11-11 01:01:01,2020-11-11 01:01:01
199,6,8.526154344,DAY,2.248556539,5.774637062,DAY,pv_v,0,10,12,0,0,0,11,14.13030631,6.42158245,8.09136248,9,5,80.05084912,95.73928026,2020-11-11 01:01:01,2020-11-11 01:01:01
200,10,4.820777098,NIGHT,0.659989551,4.976078424,NIGHT,pv_v,0,11,10,0,0,0,11,6.358932963,6.377353161,7.047699499,9,7,48.90206293,8.350282071,2020-11-11 01:01:01,2020-11-11 01:01:01
201,3,9.930020956,DAY,2.589306919,9.819710221,DAY,pv_v,0,11,12,0,0,0,10,5.572356709,2.296207576,8.541680822,7,2,70.73699284,30.37437016,2020-11-11 01:01:01,2020-11-11 01:01:01
202,2,3.226730338,NIGHT,5.561974525,7.275776913,NIGHT,pv_v,0,11,11,0,0,0,10,14.76111809,0.701730227,6.273461539,9,7,19.64803414,89.6975373,2020-11-11 01:01:01,2020-11-11 01:01:01
203,7,0.35019803,DAY,8.587376388,9.855168507,DAY,pv_v,0,12,12,0,0,0,10,10.53824453,7.887415539,1.88163029,10,10,94.24268234,78.5135958,2020-11-11 01:01:01,2020-11-11 01:01:01
204,4,3.927342419,NIGHT,6.645594107,8.027007324,NIGHT,pv_v,0,11,10,0,0,0,11,12.45653796,7.136287073,0.352091309,6,2,89.02189017,8.442600161,2020-11-11 01:01:01,2020-11-11 01:01:01
205,5,8.815002327,DAY,1.2524711,4.096203466,DAY,pv_v,0,11,10,0,0,0,10,12.59907619,6.639661809,5.948415851,6,2,80.34253963,61.74917005,2020-11-11 01:01:01,2020-11-11 01:01:01
206,1,5.833196018,NIGHT,3.801535281,2.785304426,NIGHT,pv_v,0,10,10,0,0,0,12,11.59306587,4.913160629,0.564404004,11,2,41.21995495,91.78850417,2020-11-11 01:01:01,2020-11-11 01:01:01
207,2,3.758615239,DAY,4.088590199,2.157331709,DAY,pv_v,0,12,12,0,0,0,10,10.44745443,6.543535129,4.549202614,5,5,7.14838049,49.41448253,2020-11-11 01:01:01,2020-11-11 01:01:01
208,4,2.962302747,NIGHT,5.983767616,2.963940855,NIGHT,pv_v,0,11,12,0,0,0,11,11.89973958,2.66876193,8.616032772,11,10,99.22565398,63.53938033,2020-11-11 01:01:01,2020-11-11 01:01:01
209,1,9.967187241,DAY,4.774538252,5.636052278,DAY,pv_v,0,12,10,0,0,0,12,14.32509706,5.292743405,3.342936554,8,2,12.38083616,36.63817091,2020-11-11 01:01:01,2020-11-11 01:01:01
210,3,7.64088573,NIGHT,5.858196123,1.900176957,NIGHT,pv_v,0,10,12,0,0,0,11,5.752350864,0.140303092,2.472304981,3,4,16.23092595,4.577742652,2020-11-11 01:01:01,2020-11-11 01:01:01
211,4,5.972948788,DAY,3.322806494,6.901373481,DAY,pv_v,0,10,10,0,0,0,12,12.64369145,4.60453667,4.172786852,5,10,37.15073795,74.80020683,2020-11-11 01:01:01,2020-11-11 01:01:01
212,4,8.013496658,NIGHT,1.783894153,0.54574773,NIGHT,pv_v,0,10,10,0,0,0,12,7.533389483,1.831212689,3.13448673,10,7,44.52169277,80.93542017,2020-11-11 01:01:01,2020-11-11 01:01:01
213,7,8.316004808,DAY,4.184533782,6.721398755,DAY,pv_v,0,11,12,0,0,0,10,12.86549345,8.651114153,9.541379212,3,5,63.78079608,53.34632852,2020-11-11 01:01:01,2020-11-11 01:01:01
214,9,9.233726153,NIGHT,7.625893052,3.241608855,NIGHT,pv_v,0,10,11,0,0,0,10,14.26547011,6.671672034,6.826021204,10,4,3.026129337,95.34343685,2020-11-11 01:01:01,2020-11-11 01:01:01
215,4,8.547791212,DAY,1.372316043,3.960764239,DAY,pv_v,0,10,12,0,0,0,12,6.901031235,6.295905336,4.347606036,11,7,77.54046452,71.14473043,2020-11-11 01:01:01,2020-11-11 01:01:01
216,4,0.316664091,NIGHT,4.360403086,7.772388277,NIGHT,pv_v,0,12,11,0,0,0,10,10.89649478,3.932753988,0.781187745,7,8,14.03158892,34.81835677,2020-11-11 01:01:01,2020-11-11 01:01:01
217,8,6.978286922,DAY,7.613006688,1.975565141,DAY,pv_v,0,12,10,0,0,0,12,10.2950901,1.983056593,9.682256687,8,10,88.00227302,93.74472494,2020-11-11 01:01:01,2020-11-11 01:01:01
218,0,4.998257192,NIGHT,0.764077283,9.159396309,NIGHT,pv_v,0,12,12,0,0,0,11,14.74732547,0.853875929,6.19768323,2,4,39.34991213,70.59282029,2020-11-11 01:01:01,2020-11-11 01:01:01
219,3,0.030850361,DAY,0.658405325,0.670844818,DAY,pv_v,0,10,10,0,0,0,11,6.403623312,9.092178064,0.336360127,10,6,6.666007967,56.26078398,2020-11-11 01:01:01,2020-11-11 01:01:01
220,1,0.314079852,NIGHT,9.491752971,1.332759909,NIGHT,pv_v,0,12,11,0,0,0,10,9.052986481,1.433685756,9.379774453,8,6,99.22777127,62.01881548,2020-11-11 01:01:01,2020-11-11 01:01:01
221,4,4.357750441,DAY,4.98554148,6.460722903,DAY,pv_v,0,11,11,0,0,0,11,11.34586316,3.220634206,9.991180045,6,3,69.74011407,80.32003002,2020-11-11 01:01:01,2020-11-11 01:01:01
222,6,6.446745464,NIGHT,5.382615544,8.48235556,NIGHT,pv_v,0,10,11,0,0,0,11,12.94098444,9.814608292,3.119976695,6,6,55.1976263,42.95830671,2020-11-11 01:01:01,2020-11-11 01:01:01
223,6,2.335458209,DAY,0.058645026,0.78000171,DAY,pv_v,0,11,10,0,0,0,12,6.69263691,1.27173583,2.17116476,11,3,26.79588394,11.98030184,2020-11-11 01:01:01,2020-11-11 01:01:01
224,10,2.575832882,NIGHT,5.610612412,6.359031831,NIGHT,pv_v,0,11,11,0,0,0,10,13.12601673,7.056483335,1.673726779,6,7,64.20147502,34.30950209,2020-11-11 01:01:01,2020-11-11 01:01:01
225,8,1.244193096,DAY,8.862972742,9.735940088,DAY,pv_v,0,10,11,0,0,0,11,11.21319282,3.291031836,7.804870796,11,7,35.47350214,47.43289011,2020-11-11 01:01:01,2020-11-11 01:01:01
226,3,1.539007934,NIGHT,3.11440622,7.637088616,NIGHT,pv_v,0,10,10,0,0,0,12,8.190842584,8.875632074,8.36774727,9,6,36.52543998,12.28636105,2020-11-11 01:01:01,2020-11-11 01:01:01
227,7,0.329612891,DAY,6.206869722,9.035049942,DAY,pv_v,0,10,12,0,0,0,10,5.163136493,2.211195918,4.347043471,8,5,37.33892766,96.19855001,2020-11-11 01:01:01,2020-11-11 01:01:01
228,3,9.883608151,NIGHT,9.843044819,2.531599392,NIGHT,pv_v,0,10,12,0,0,0,12,7.391453961,7.686201314,9.295065347,5,5,76.9228287,37.01293289,2020-11-11 01:01:01,2020-11-11 01:01:01
229,6,3.321983628,DAY,1.130104315,2.649965452,DAY,pv_v,0,12,12,0,0,0,10,12.65780595,5.385986676,8.027927134,7,6,14.32680568,62.41659804,2020-11-11 01:01:01,2020-11-11 01:01:01
230,8,1.665158281,NIGHT,6.796213971,9.483652494,NIGHT,pv_v,0,12,11,0,0,0,11,8.806458436,9.581361306,7.351082587,8,2,84.69674126,7.630622875,2020-11-11 01:01:01,2020-11-11 01:01:01
231,10,6.218536757,DAY,2.257110236,7.261938348,DAY,pv_v,0,12,12,0,0,0,11,5.279011531,3.920626563,9.189107761,10,6,69.71785004,93.93569078,2020-11-11 01:01:01,2020-11-11 01:01:01
232,6,1.271909252,NIGHT,0.827896129,6.099605281,NIGHT,pv_v,0,12,11,0,0,0,12,7.311099675,6.715115671,0.4683461,2,9,52.26064708,45.00972066,2020-11-11 01:01:01,2020-11-11 01:01:01
233,8,9.938275827,DAY,4.770156591,4.870454413,DAY,pv_v,0,12,11,0,0,0,12,12.76386369,6.010910757,7.780643374,10,6,9.420555801,80.66473178,2020-11-11 01:01:01,2020-11-11 01:01:01
234,5,2.287965505,NIGHT,2.499780917,5.283111,NIGHT,pv_v,0,10,10,0,0,0,10,11.86507333,2.301609989,5.35055062,5,7,24.36084239,6.81365442,2020-11-11 01:01:01,2020-11-11 01:01:01
235,10,1.233928803,DAY,0.856851172,4.106267418,DAY,pv_v,0,10,11,0,0,0,10,5.684006952,0.191704818,2.779605047,10,3,2.556491441,67.89307577,2020-11-11 01:01:01,2020-11-11 01:01:01
236,1,6.265696391,NIGHT,2.751754807,6.57131209,NIGHT,pv_v,0,12,10,0,0,0,10,10.74309236,0.466246966,6.159494527,9,8,85.89848857,63.48533616,2020-11-11 01:01:01,2020-11-11 01:01:01
237,6,5.385765983,DAY,3.798181207,0.69814858,DAY,pv_v,0,10,12,0,0,0,11,8.340766486,9.893680747,8.219370776,4,3,87.59739996,39.59862265,2020-11-11 01:01:01,2020-11-11 01:01:01
238,5,5.020513777,NIGHT,5.713469318,0.677885864,NIGHT,pv_v,0,11,11,0,0,0,12,9.39020516,2.781625224,1.311257391,4,6,39.96387027,84.58973478,2020-11-11 01:01:01,2020-11-11 01:01:01
239,5,3.47449061,DAY,8.566375195,1.674866384,DAY,pv_v,0,10,12,0,0,0,10,14.62504383,2.13508683,9.379263022,10,4,37.16218427,57.2754825,2020-11-11 01:01:01,2020-11-11 01:01:01
240,8,3.445264778,NIGHT,4.363623711,1.892424546,NIGHT,pv_v,0,12,12,0,0,0,10,12.52896975,7.247717954,0.202933934,5,9,32.67768575,27.35704146,2020-11-11 01:01:01,2020-11-11 01:01:01
241,2,6.929542004,DAY,2.63953677,4.238084264,DAY,pv_v,0,10,11,0,0,0,11,9.715915742,7.264320395,3.246762036,3,8,23.82121544,33.15957253,2020-11-11 01:01:01,2020-11-11 01:01:01
242,9,5.743052143,NIGHT,1.087052463,9.643900381,NIGHT,pv_v,0,12,12,0,0,0,12,6.890456173,9.487838691,9.625807259,11,7,57.89816307,38.55376072,2020-11-11 01:01:01,2020-11-11 01:01:01
243,9,4.801226273,DAY,5.40447366,1.527441506,DAY,pv_v,0,10,12,0,0,0,10,14.5049387,9.502013579,3.456349284,9,10,87.8932498,40.86682286,2020-11-11 01:01:01,2020-11-11 01:01:01
244,9,2.540446426,NIGHT,9.952866578,8.187823053,NIGHT,pv_v,0,11,12,0,0,0,12,5.890120832,0.709602112,7.166322968,4,2,69.73702131,63.39103467,2020-11-11 01:01:01,2020-11-11 01:01:01
245,6,2.110089115,DAY,8.789693269,9.192920217,DAY,pv_v,0,12,11,0,0,0,12,6.480160861,2.430810454,1.850331564,3,5,87.30350654,48.98144281,2020-11-11 01:01:01,2020-11-11 01:01:01
246,2,3.999850146,NIGHT,4.539814563,1.2145979,NIGHT,pv_v,0,10,11,0,0,0,11,12.5303617,5.940263964,6.216176805,9,2,88.71942413,54.67021545,2020-11-11 01:01:01,2020-11-11 01:01:01
247,10,5.49088687,DAY,0.574440353,8.772138134,DAY,pv_v,0,12,11,0,0,0,12,11.80972265,1.750987323,6.148354059,2,11,98.91264044,91.45861841,2020-11-11 01:01:01,2020-11-11 01:01:01
248,8,1.447825818,NIGHT,5.210898338,0.69936677,NIGHT,pv_v,0,11,12,0,0,0,10,13.81978515,6.97045217,8.050020949,7,9,65.04980096,28.00193052,2020-11-11 01:01:01,2020-11-11 01:01:01
249,2,4.265012125,DAY,5.604428203,4.320154404,DAY,pv_v,0,12,11,0,0,0,10,11.65954085,7.92478128,6.721979795,9,11,4.805743186,14.60162728,2020-11-11 01:01:01,2020-11-11 01:01:01
250,1,3.337793843,NIGHT,9.32094559,1.702691262,NIGHT,pv_v,0,11,10,0,0,0,12,8.908506363,9.552164957,6.429159318,3,3,16.2068573,37.41476581,2020-11-11 01:01:01,2020-11-11 01:01:01
251,7,2.237013974,DAY,1.1716995,5.929826993,DAY,pv_v,0,11,11,0,0,0,10,7.039766077,7.679816072,0.801892992,4,4,33.63327115,91.2437092,2020-11-11 01:01:01,2020-11-11 01:01:01
252,8,3.099935782,NIGHT,8.663310573,1.389995615,NIGHT,pv_v,0,11,10,0,0,0,10,9.916087072,7.004279402,3.626675886,9,6,39.48261689,57.47426922,2020-11-11 01:01:01,2020-11-11 01:01:01
253,10,6.963596187,DAY,6.585830773,5.734331564,DAY,pv_v,0,11,11,0,0,0,10,6.105922296,9.194069894,1.784013462,11,4,83.15497331,37.85843204,2020-11-11 01:01:01,2020-11-11 01:01:01
254,5,4.024827481,NIGHT,1.957343482,4.094995008,NIGHT,pv_v,0,11,11,0,0,0,10,9.087621628,9.945550257,2.839778724,5,8,45.87190029,48.50573831,2020-11-11 01:01:01,2020-11-11 01:01:01
255,4,4.885357512,DAY,5.750977537,6.332700692,DAY,pv_v,0,12,10,0,0,0,11,14.57377424,2.073433049,6.927938458,9,4,16.68123308,63.18211503,2020-11-11 01:01:01,2020-11-11 01:01:01
256,7,2.271690379,NIGHT,5.760508559,8.135125923,NIGHT,pv_v,0,10,10,0,0,0,11,9.701266422,6.046935637,3.2734062,5,6,1.859280628,11.36698727,2020-11-11 01:01:01,2020-11-11 01:01:01
257,2,9.205509235,DAY,7.502310365,6.308782231,DAY,pv_v,0,12,10,0,0,0,12,5.707148577,6.204715498,0.128601155,10,8,43.97358128,49.68815247,2020-11-11 01:01:01,2020-11-11 01:01:01
258,0,2.179083392,NIGHT,7.552367987,5.566116152,NIGHT,pv_v,0,10,10,0,0,0,11,13.07503482,6.451949359,6.761218867,10,9,27.49718766,85.31963965,2020-11-11 01:01:01,2020-11-11 01:01:01
259,10,7.646126548,DAY,8.06940752,9.945652228,DAY,pv_v,0,10,10,0,0,0,12,8.754953459,8.46517762,7.421077554,10,10,84.47779016,25.00478365,2020-11-11 01:01:01,2020-11-11 01:01:01
260,7,4.407650086,NIGHT,8.148450244,0.549703243,NIGHT,pv_v,0,11,12,0,0,0,10,11.59594732,9.755511177,5.444144155,9,5,34.86145223,57.72030641,2020-11-11 01:01:01,2020-11-11 01:01:01
261,0,3.026903114,DAY,6.840083747,4.691798545,DAY,pv_v,0,10,11,0,0,0,10,10.7180034,8.906437648,3.655240433,3,2,54.67111974,79.23345386,2020-11-11 01:01:01,2020-11-11 01:01:01
262,5,9.550890953,NIGHT,9.627718279,1.790360602,NIGHT,pv_v,0,12,10,0,0,0,12,12.72355511,9.590854457,6.677839212,3,4,86.53884321,69.50512055,2020-11-11 01:01:01,2020-11-11 01:01:01
263,9,1.604367236,DAY,2.410874723,0.557248431,DAY,pv_v,0,11,11,0,0,0,12,9.568687049,8.068271306,0.086660845,4,8,16.53279828,1.843525799,2020-11-11 01:01:01,2020-11-11 01:01:01
264,5,1.219407056,NIGHT,8.630228436,6.079853326,NIGHT,pv_v,0,12,11,0,0,0,11,5.690247531,1.512596759,1.026086232,6,9,70.12133785,48.23754048,2020-11-11 01:01:01,2020-11-11 01:01:01
265,1,9.83033378,DAY,2.703239985,4.459645169,DAY,pv_v,0,12,10,0,0,0,12,14.38739702,3.656660084,9.646397587,10,2,95.39910235,47.48262591,2020-11-11 01:01:01,2020-11-11 01:01:01
266,10,9.534680915,NIGHT,9.255867915,6.74436808,NIGHT,pv_v,0,10,11,0,0,0,10,12.79368594,4.284864946,2.112845709,8,4,53.2992833,99.03417872,2020-11-11 01:01:01,2020-11-11 01:01:01
267,3,2.051575695,DAY,3.068841036,3.859415019,DAY,pv_v,0,11,12,0,0,0,10,5.33423842,0.146961757,5.943663591,8,7,51.21111388,81.51343015,2020-11-11 01:01:01,2020-11-11 01:01:01
268,5,7.732618077,NIGHT,8.254287974,0.198099347,NIGHT,pv_v,0,10,12,0,0,0,10,9.38429892,3.526564708,6.37212803,11,2,80.21988248,11.91516933,2020-11-11 01:01:01,2020-11-11 01:01:01
269,4,8.3803478,DAY,7.497284347,1.902375941,DAY,pv_v,0,10,12,0,0,0,10,6.900367616,8.859395486,9.933273899,2,8,15.82716706,75.71937613,2020-11-11 01:01:01,2020-11-11 01:01:01
270,8,0.695735421,NIGHT,8.263489814,5.688960097,NIGHT,pv_v,0,12,11,0,0,0,11,8.080684401,6.825552504,3.359329766,3,7,0.915247476,66.7717178,2020-11-11 01:01:01,2020-11-11 01:01:01
271,2,4.815433252,DAY,5.201341771,6.324816082,DAY,pv_v,0,11,12,0,0,0,12,7.429353441,4.286521412,4.481899548,3,10,41.82168825,71.08996992,2020-11-11 01:01:01,2020-11-11 01:01:01
272,8,6.78338277,NIGHT,8.786368854,9.224027003,NIGHT,pv_v,0,10,12,0,0,0,10,5.355997126,7.858481464,9.3999381,10,6,10.77965841,18.78392573,2020-11-11 01:01:01,2020-11-11 01:01:01
273,1,0.088953655,DAY,6.907767918,3.576538062,DAY,pv_v,0,12,10,0,0,0,11,12.80392745,8.730073827,1.104494551,3,8,1.942790705,11.22170529,2020-11-11 01:01:01,2020-11-11 01:01:01
274,4,3.004901293,NIGHT,1.526302377,9.571657716,NIGHT,pv_v,0,10,12,0,0,0,12,5.210348854,2.581578145,4.658671368,10,10,6.873838587,26.08322703,2020-11-11 01:01:01,2020-11-11 01:01:01
275,5,9.981982078,DAY,4.989067994,4.902479625,DAY,pv_v,0,10,12,0,0,0,11,7.105834193,7.845065037,8.565128445,6,4,86.74120297,59.37047577,2020-11-11 01:01:01,2020-11-11 01:01:01
276,6,4.338065918,NIGHT,1.144715779,0.19172439,NIGHT,pv_v,0,10,10,0,0,0,11,6.625253263,9.055662726,6.481310939,10,7,53.00970923,4.728622345,2020-11-11 01:01:01,2020-11-11 01:01:01
277,6,4.068004334,DAY,0.6762436,8.755255126,DAY,pv_v,0,10,12,0,0,0,10,14.41091654,2.249083787,9.41223864,9,3,49.65856277,37.80447385,2020-11-11 01:01:01,2020-11-11 01:01:01
278,8,0.069729917,NIGHT,0.506114011,6.006392977,NIGHT,pv_v,0,11,11,0,0,0,12,13.72649528,8.415876509,3.463349358,5,11,67.47610147,48.82527261,2020-11-11 01:01:01,2020-11-11 01:01:01
279,0,1.560632459,DAY,9.560191388,0.534920823,DAY,pv_v,0,11,10,0,0,0,11,11.10131459,3.470175991,9.995259149,9,7,76.44693311,6.17721063,2020-11-11 01:01:01,2020-11-11 01:01:01
