#	Column1	RPM	Wind (V)	Wind (A)	Wind (A)2	Wind (A)3	Wind (W)	PV (V)	PV (A)	PV (B)	Bat (V)	Bat (A)	Bat (W)	LED 1 (V)	LED 1 (A)	LED 1 (W)	LED 2 (V)	LED 2 (A)	LED 2 (W)	Temp (Â°C)	Ex in (V)	Date	Time	Latitude	Longitude
1	0	0	0	0	0	0	0	0	0	0	11.8	0	0	0	0	0	0	0	0	14/14/13	3.4	2/28/18	01:50:39	29.3666	23.12452
2	0	0	0	0	0	0	0	0	0	0	11.9	0	0	0	0	0	0	0	0	14/13/13	3.4	2/28/18	01:50:41	29.3656	23.12452
3	0	0	0	0	0	0	0	0	0	0	11.9	0	0	0	0	0	0	0	0	14/13/13	3.4	2/28/18	01:50:43	29.36466	23.12452
4	0	0	0	0	0	0	0	0	0	0	11.9	0	0	0	0	0	0	0	0	14/13/13	3.4	2/28/18	01:50:45	29.36347	23.12452
5	0	0	0	0	0	0	0	0	0	0	11.8	0	0	0	0	0	0	0	0	14/13/13	3.3	2/28/18	01:50:47	29.3666	23.12452
6	0	0	0	0	0	0	0	0	0	0	11.9	0	0	0	0	0	0	0	0	14/13/13	3.4	2/28/18	01:50:49	29.3666	23.12452
7	0	0	0	0	0	0	0	0	0	0	11.8	0	0	0	0	0	0	0	0	14/13/13	3.4	2/28/18	01:50:51	29.3666	23.12452
8	0	0	0	0	0	0	0	0	0	0	11.9	0	0	0	0	0	0	0	0	14/13/13	3.3	2/28/18	01:50:53	43.2322	23.12452
9	0	0	0	0	0	0	0	0	0	0	11.9	0	0	0	0	0	0	0	0	14/14/13	3.3	2/28/18	01:50:55	29.3666	23.12452
